{
  "images" : [
    {
      "idiom" : "universal",
      "scale" : "1x"
    },
    {
      "resizing" : {
        "mode" : "9-part",
        "center" : {
          "mode" : "tile",
          "width" : 1,
          "height" : 1
        },
        "cap-insets" : {
          "bottom" : 174,
          "top" : 174,
          "right" : 375,
          "left" : 374
        }
      },
      "idiom" : "universal",
      "filename" : "bj@2x.png",
      "scale" : "2x"
    },
    {
      "resizing" : {
        "mode" : "9-part",
        "center" : {
          "mode" : "tile",
          "width" : 1,
          "height" : 1
        },
        "cap-insets" : {
          "bottom" : 262,
          "top" : 261,
          "right" : 562,
          "left" : 562
        }
      },
      "idiom" : "universal",
      "filename" : "bj@3x.png",
      "scale" : "3x"
    }
  ],
  "info" : {
    "version" : 1,
    "author" : "xcode"
  }
}